Sequence,length,molecular_weight,instability_index,net_charge_pH7.4,hydrophobic_ratio,GRAVY,amphipathicity_muH_helix,boman_index
FLKGLMGVIASLFK,14,1523.923,-13.579,1.552,0.643,1.429,0.354,-1.516
GFGMALRLLRRVL,13,1501.884,92.415,2.557,0.615,0.892,0.475,0.925
PRAWEYWLRLME,12,1649.912,20.575,-0.097,0.583,-0.783,0.45,
FALAKALKKAL,11,1173.49,1.373,2.55,0.727,0.882,0.289,-0.757
AFGMALKLLKKVL,13,1431.87,-7.4,2.6,0.692,1.2,0.364,-1.305
FLGALFHALSHLL,13,1438.714,2.7,-0.369,0.692,1.585,0.261,-1.723
GKWMSLLKHILK,12,1453.836,96.958,2.587,0.5,0.067,0.366,-0.049
FIGPIISALASLFG,14,1405.679,9.286,-0.443,0.643,1.879,0.257,
GLKDPLKSVAKHLVK,15,1632.988,-3.907,2.585,0.4,-0.233,0.361,
GILGKLWEGFKSIV,14,1546.85,4.964,0.554,0.5,0.671,0.342,-0.753
CYTQYRKCQELTA,13,1606.821,-12.892,0.502,0.462,-0.946,0.168,2.653
FKRIVQLLKKLLR,13,1655.126,17.969,4.55,0.538,0.192,0.638,1.57
NLRTYKKRYMFY,12,1682.985,109.884,3.545,0.5,-1.367,0.108,3.36
FLGGILNTITGLL,13,1331.599,13.946,-0.443,0.538,1.608,0.263,-1.811
VNWKKVLGKIIKVAK,15,1724.184,-25.88,4.511,0.533,0.193,0.34,0.162
FLPGLIAGIAKML,13,1343.719,42.592,0.555,0.692,1.723,0.258,
IHKLVKLWLNLGKKF,15,1837.3,38.46,3.584,0.533,0.207,0.463,-0.093
FAFGKGIGKIGKKGL,15,1520.859,-30.287,3.547,0.4,0.173,0.336,-0.335
FAKLLAKLAKKGL,13,1400.794,-10.362,3.547,0.615,0.569,0.419,-0.525
LFSIIWKLNRKLIKA,15,1843.305,-7.647,3.55,0.6,0.54,0.411,0.331
YCAYYSPRHKTTF,13,1636.827,89.246,1.56,0.462,-0.938,0.127,
EGGGPQWAVGHFM,13,1372.507,16.962,-1.296,0.385,-0.277,0.057,
RRLFRRILRWL,11,1584.958,211.545,4.557,0.545,-0.427,0.757,4.51
AKRHHGYKRKFH,12,1564.798,63.833,4.708,0.25,-2.283,0.247,4.573
SILPTIVSFLSKVF,14,1550.879,24.671,0.251,0.571,1.571,0.341,
FLGWLFKWAKK,11,1423.744,4.2,2.55,0.636,0.1,0.372,-0.596
YLARAIRRTLARLLL,15,1799.214,47.52,3.555,0.667,0.593,0.393,1.829
VRLRIRVRVIRK,12,1563.982,25.217,5.521,0.5,-0.083,0.225,4.439
FALALKLAKKAL,12,1286.648,-4.983,2.55,0.75,1.125,0.328,-1.104
FGCTWMNSTGFTKTC,15,1683.925,31.173,0.506,0.4,-0.013,0.114,0.719
GLLHLHQNIVDVQYM,15,1780.055,47.213,-1.371,0.533,0.273,0.163,0.323
FAKLWAKLAKKL,12,1416.795,-4.85,3.547,0.667,0.258,0.468,-0.275
TILAEIKNINAD,12,1314.484,63.733,-1.791,0.5,0.192,0.202,1.136
KAFDITYVRLKF,12,1500.782,12.375,1.55,0.583,0.175,0.116,1.317
KLWKKWKKWLK,11,1571.994,26.4,5.542,0.455,-1.682,0.517,1.497
KKFFRAWWAPRFLK,14,1881.273,0.857,4.55,0.571,-0.593,0.101,
KRWHWWRRHWVVW,13,2018.335,144.5,3.628,0.538,-1.531,0.172,3.069
FLPLVTGLLSGLL,13,1342.665,10.985,-0.443,0.615,1.992,0.23,
KILRGVSKRILTGKK,15,1697.121,46.947,5.547,0.333,-0.407,0.368,2.161
CIWVSDGKKLWRH,13,1627.91,22.669,1.565,0.462,-0.538,0.311,1.695
RMMRIFWVIKLAR,13,1720.202,-18.377,3.555,0.692,0.546,0.086,1.515
FAKLLALALKLKL,13,1441.885,-23.423,2.55,0.769,1.485,0.187,-1.637
RKRWWRWWKWWKR,13,2144.534,147.508,6.55,0.462,-2.7,0.436,4.796
RWGKWFKKNSHLS,13,1673.917,27.223,3.587,0.308,-1.546,0.326,2.782
GMWSKILGHLIK,12,1382.715,11.067,1.589,0.5,0.417,0.323,-0.59
FAKKLAKLAKKALAL,15,1614.07,-1.987,4.545,0.667,0.5,0.38,-0.264
FAKLLAKALKLKL,13,1456.9,-23.423,3.547,0.692,0.892,0.278,-0.832
GLPLFLKKLGSAV,13,1342.668,10.985,1.552,0.538,1.0,0.287,
FLPLILRKIVTAL,13,1496.921,34.085,1.555,0.692,1.715,0.331,
GLFDKWAWWRWRR,13,1863.132,88.754,2.555,0.538,-1.269,0.182,3.005
IPPFIKKVLTTVF,13,1502.88,23.585,1.552,0.538,1.108,0.326,
FLPLLASLFSRLL,13,1489.842,38.862,0.557,0.692,1.731,0.36,
FASLLGKALKALAKQ,15,1558.906,13.773,2.55,0.6,0.587,0.359,-0.35
FRRFFKWFRRFFKFF,15,2262.703,65.667,5.552,0.6,-0.287,0.771,2.974
FLPLIGKILGTIL,13,1397.786,34.085,0.555,0.615,1.885,0.327,
GMWKKILGHLIR,12,1451.824,18.142,2.589,0.5,0.108,0.386,0.37
FLSAIVGMLGKLF,13,1395.75,-16.892,0.555,0.692,1.838,0.298,-2.059
FLSAITSILGKFF,13,1443.727,17.515,0.555,0.615,1.554,0.355,-1.265
IRKLKSWKWLRWL,13,1813.241,74.031,4.55,0.538,-0.638,0.017,1.786
RKRKLILILIKRKR,14,1834.393,94.529,7.547,0.429,-0.621,0.137,3.74
VNWKKILAKIIKVVK,15,1780.291,-9.3,4.511,0.6,0.52,0.36,-0.103
FAKLLAKALKKFAL,14,1561.994,-2.843,3.547,0.714,0.886,0.41,-0.763
GVVKKVVKKVVKKV,14,1538.017,-15.079,5.542,0.5,0.4,0.403,0.291
FLKALWKVAKSVF,13,1536.9,14.385,2.55,0.692,0.908,0.434,-0.752
GLFDIVKKVLKLLK,14,1614.067,-14.279,2.548,0.571,0.814,0.43,-0.406
KAYARIGNSYFK,12,1417.61,9.3,2.547,0.5,-0.725,0.42,1.99
RRRVVVVVRRR,11,1450.784,217.382,5.557,0.455,-0.545,0.22,6.302
LKLKSIVSWAKKVL,14,1613.039,-31.771,3.547,0.571,0.571,0.27,-0.207
FALLKALLKKAL,12,1328.728,-4.983,2.55,0.75,1.292,0.255,-1.363
LRKVRRLLRRL,11,1478.877,140.536,5.555,0.455,-0.636,0.728,5.13
DILTFEHYWAQLTS,14,1723.878,39.714,-2.407,0.5,-0.1,0.183,0.895
FIITGLVRGLTKLF,14,1577.95,-8.907,1.555,0.571,1.4,0.343,-0.776
FLLFPLMCKIQGKC,14,1641.115,10.914,1.503,0.643,1.079,0.128,
GKWLSLLKHILK,12,1435.798,50.892,2.587,0.5,0.225,0.369,-0.263
LWKRWVGVWRKWL,13,1813.199,93.015,3.552,0.615,-0.369,0.405,0.982
VNWKKVLGKVVKVVK,15,1724.184,-24.06,4.511,0.533,0.313,0.344,0.131
FLKWLFKWAKK,11,1494.865,-14.736,3.547,0.636,-0.218,0.471,-0.006
FLSIIAKVLGSLF,13,1407.738,2.7,0.555,0.692,2.008,0.329,-1.923
ILSLRWRWKWWKK,13,1886.293,126.985,4.55,0.538,-1.0,0.164,1.985
FMPILSCSRFKRC,13,1587.973,111.254,2.506,0.538,0.362,0.152,
LHQNIVDVQYMYGLS,15,1780.009,57.34,-1.41,0.533,0.093,0.091,0.577
FFGSVLKLIPKIL,13,1474.87,2.238,1.552,0.615,1.508,0.424,
AVPDVAFNAYG,11,1123.214,12.027,-1.394,0.636,0.573,0.135,
FAKFLAKFLKKAL,13,1524.932,2.7,3.547,0.692,0.738,0.46,-0.533
RRRFFFFFRRR,11,1690.998,217.382,5.557,0.455,-1.182,0.272,6.784
FAFAKIIAKIAKKII,15,1675.152,-7.647,3.547,0.733,1.313,0.373,-1.04
FAKLLKLAAKKLL,13,1456.9,-16.892,3.547,0.692,0.892,0.371,-0.832
NKWKKILGKIIKVVK,15,1795.305,7.74,5.542,0.467,-0.167,0.443,0.594
FTILKKLKSFIK,12,1465.864,-3.083,3.547,0.5,0.425,0.381,0.211
FLPLKKLRFGLL,12,1444.848,27.117,2.552,0.583,0.858,0.045,
FLPLIAGLIGKLF,13,1401.776,10.985,0.555,0.692,1.946,0.285,
PRFWEYWLRLAE,12,1665.89,20.575,-0.097,0.583,-0.708,0.488,
GFSPNLPGKGLRIS,14,1442.661,56.057,1.555,0.286,-0.214,0.187,
EVWRLAEFLAMPP,13,1558.841,57.846,-1.332,0.615,0.346,0.221,
KKWRKWLKWLAKK,13,1799.258,21.685,6.542,0.462,-1.631,0.435,2.275
GFKMALKLLKKVL,13,1488.965,6.115,3.547,0.615,0.762,0.436,-0.738
LLGDFKRIVQRIKDF,15,1848.196,-0.327,1.553,0.467,-0.087,0.477,2.22
ILGTILGLLKGL,12,1210.549,20.042,0.555,0.583,1.85,0.263,-2.428
FAKKALKALKKL,12,1358.757,-12.058,4.545,0.583,0.008,0.491,0.382
GLWGVIKALGGHVG,14,1363.606,15.479,0.592,0.5,0.879,0.183,-1.534
PNEVNRLAHLRLH,13,1568.781,17.515,0.976,0.385,-0.777,0.181,
SPLGYGFAVRNSG,13,1324.441,39.462,0.251,0.385,-0.085,0.029,
KLVKKLLKKYITF,13,1622.089,-3.085,4.542,0.538,0.108,0.427,0.289
FASGIAGMAGKLF,13,1269.511,-0.869,0.555,0.615,1.177,0.256,-1.342
VRRFPWWWPFLRR,13,1902.254,139.585,3.523,0.538,-0.792,0.392,
RKLILKRKRILIKR,14,1834.393,88.464,7.547,0.429,-0.621,0.173,3.74
FLKGIKGMLGKLL,13,1417.844,-36.485,2.55,0.538,0.885,0.337,-1.238
VRRFKWWWKFLRR,13,1964.369,100.608,5.518,0.538,-1.146,0.511,3.759
FLSAIASMLGKFL,13,1397.723,2.7,0.555,0.692,1.623,0.332,-1.554
FAKLLAKLAKKFAL,14,1561.994,-2.843,3.547,0.714,0.886,0.408,-0.763
FLGALAKIISGIF,13,1349.659,-10.362,0.555,0.692,1.908,0.33,-2.085
GLFKIISKLAKKA,13,1416.793,-15.392,3.547,0.538,0.477,0.433,-0.125
KWKLFKKIPHLAKKF,15,1912.412,-13.927,5.579,0.467,-0.64,0.391,
FAKKLAKKLAKAAL,14,1500.913,-2.843,4.545,0.643,0.264,0.357,0.069
ILRWKWRWWRWRR,13,2084.481,215.108,5.555,0.538,-1.738,0.286,4.512
GMWKKILGKLIR,12,1442.857,3.992,3.55,0.5,0.05,0.416,0.444
INLKILARLAKKIL,14,1607.079,18.607,3.55,0.643,0.9,0.35,0.011
GLFDKLKSLVSDF,13,1468.692,-6.669,-0.447,0.462,0.338,0.369,0.742
VNWRRILGRIIRVVR,15,1906.331,53.447,4.523,0.533,0.173,0.502,3.078
FAKLLAKALKKLL,13,1456.9,-10.362,3.547,0.692,0.892,0.451,-0.832
ILRWPWWPWRRK,12,1780.13,131.933,3.555,0.5,-1.325,0.283,
FLGALFKALSKLL,13,1420.78,-15.392,1.552,0.692,1.477,0.359,-1.586
FVPAILCSILKTC,13,1407.783,61.962,0.506,0.692,1.8,0.23,
WHSDMEWWYLLG,12,1622.799,16.375,-2.407,0.583,-0.492,0.099,0.301
GSSSGRGDSPA,11,976.945,111.355,-0.442,0.091,-1.109,0.159,
FLPLFASLIGKLL,13,1431.802,10.985,0.555,0.692,1.862,0.321,
EPNPDEFFGLM,11,1295.416,17.127,-3.331,0.364,-0.573,0.178,
GLPQIISKVVKT,12,1282.572,31.792,1.552,0.417,0.533,0.388,
GWFDILKHVFRLLK,14,1772.142,28.543,1.589,0.571,0.386,0.446,0.461
CFQWKRAMRKVR,12,1608.978,22.975,4.528,0.5,-1.042,0.346,3.884
FLFPLITSFLSKVL,14,1625.002,16.979,0.555,0.643,1.75,0.241,
ILPWKWPWWPWRR,13,1907.269,76.277,2.555,0.538,-1.069,0.19,
FLPIVTNLLSGLL,13,1399.716,-0.577,-0.443,0.615,1.808,0.281,
GLFDIWKWWRWRR,13,1905.212,106.846,2.555,0.538,-1.062,0.083,2.765
KKLFKKILKYLKKL,14,1791.356,-18.014,6.537,0.5,-0.436,0.56,0.815
KRKILILILIKRK,13,1635.179,90.769,5.547,0.538,0.369,0.163,1.354
RRRYIGRYVRFWK,13,1856.186,85.754,5.55,0.462,-1.446,0.345,5.017
FIGAIARLLSKIF,13,1448.793,-3.831,1.555,0.692,1.592,0.456,-0.865
GKWMSLLKKILK,12,1444.869,53.267,3.547,0.5,0.008,0.41,0.025
FLSAITSLLGKLL,13,1375.695,-3.831,0.555,0.615,1.654,0.306,-1.564
GFGSKPLDSFGLNFF,15,1632.812,7.127,-0.445,0.4,0.233,0.194,
RLVSYNGIIFFLK,13,1569.887,-15.392,1.552,0.615,0.923,0.125,0.002
RKIKRYLRRMI,11,1532.945,86.018,5.55,0.455,-1.127,0.687,4.892
IPLLRKGKKIIWW,13,1651.092,2.238,3.55,0.538,0.085,0.312,
FLPIVGRLISGIL,13,1397.746,19.269,0.557,0.615,1.862,0.374,
WLWKAIWKLLT,11,1457.802,34.118,1.552,0.727,0.591,0.348,-1.346
FAKLAKKALAKLL,13,1414.82,-3.831,3.547,0.692,0.738,0.37,-0.592
FVLPLVMCKILRKC,14,1663.209,44.493,2.503,0.714,1.436,0.205,
GLVMLVKKAGLT,12,1229.575,6.767,1.552,0.583,1.183,0.171,-1.268
FAKLLAKLAKAKL,13,1414.82,-10.362,3.547,0.692,0.738,0.287,-0.592
IFKAIWSGIKSLF,13,1509.832,-15.392,1.552,0.615,1.077,0.409,-0.986
FRRPFKWPRRFFKFF,15,2162.586,86.32,5.552,0.467,-0.873,0.637,
FAKGVGKVGKKAL,13,1302.608,-29.954,3.547,0.462,0.138,0.427,-0.017
KISKRILTGKK,11,1271.596,33.082,4.547,0.273,-0.836,0.32,2.49
FFPIGVFCKIFKTC,14,1650.058,6.243,1.503,0.643,1.35,0.21,
GMWSKILGKLIR,12,1401.762,3.992,2.552,0.5,0.308,0.416,0.265
HGVSGHGQHGVHG,13,1265.298,-22.677,-0.296,0.154,-0.823,0.162,1.138
FLPIIGKLLSGLL,13,1383.76,10.985,0.555,0.615,1.823,0.316,
INLKKLAARIKKKI,14,1637.109,-14.971,5.545,0.5,-0.2,0.334,1.506
KRIVARIKAFLR,12,1470.85,38.233,4.552,0.583,0.175,0.483,2.538
KILKRLAAKIKKIL,14,1636.164,29.764,5.545,0.571,0.321,0.489,0.681
VAKLLAKLAKKVL,13,1394.831,-10.362,3.513,0.692,1.031,0.419,-0.845
FLSSIGKILGNLL,13,1374.667,19.269,0.555,0.538,1.323,0.367,-1.184
RLFDKIRQVIRKF,13,1719.085,14.677,3.553,0.462,-0.438,0.653,3.489
AKWVGDLTLCRWR,13,1603.888,40.231,1.581,0.538,-0.246,0.172,1.855
GFGSKPIDSFGLSWL,15,1610.806,25.373,-0.445,0.4,0.28,0.173,
GVGSPYVSRLLGICL,15,1533.833,52.987,0.53,0.533,1.107,0.143,
VNWKKILGKIKKVVK,15,1781.279,-14.96,5.508,0.467,-0.187,0.362,0.653
SRSCLIVCQRLF,12,1424.734,91.692,1.204,0.583,0.833,0.284,1.487
FISAIASFLGKFL,13,1413.701,2.7,0.555,0.692,1.746,0.36,-1.602
YKQCHKKGGKKGSG,14,1505.744,51.607,4.555,0.143,-1.957,0.229,2.604
FLWWLFKWAWK,11,1610.94,14.509,1.552,0.818,0.327,0.3,-1.439
HTMYYHHYQHHL,12,1666.818,79.8,-0.267,0.417,-1.533,0.059,2.047
FILPLIASFLSKFL,14,1609.002,36.8,0.555,0.714,1.95,0.262,
RRRRWRWWRWWRR,13,2198.55,317.662,7.557,0.385,-3.115,0.398,8.285
RRRLLLLLRRR,11,1520.918,234.891,5.557,0.455,-0.727,0.219,5.902
GSGILILIKRK,11,1197.514,58.309,2.552,0.455,0.655,0.203,0.267
FAKKLAKKLAKLL,13,1471.915,-10.362,4.545,0.615,0.3,0.442,-0.026
FIKWKFRWWKWRK,13,1995.421,46.762,5.547,0.538,-1.392,0.147,2.449
EPHPDEFVGLM,11,1270.41,9.409,-3.294,0.364,-0.418,0.186,
ILPILSLIGGLLGK,14,1406.795,53.307,0.555,0.571,1.786,0.237,
GLFDIVKKLVSDF,13,1480.746,-2.354,-0.447,0.538,0.777,0.417,0.169
RRRIIIIIRRR,11,1520.918,217.382,5.557,0.455,-0.409,0.241,5.902
FALAKKALKKAKKAL,15,1629.085,3.673,5.542,0.6,-0.013,0.359,0.434
FLKLLKKLAAKLF,13,1532.996,-23.423,3.547,0.692,0.969,0.401,-0.922
GLKKVIKLLRPLL,13,1490.961,12.738,3.55,0.538,0.731,0.45,
KKLLPIVANLLKSLL,15,1663.139,5.193,2.55,0.6,1.047,0.358,
KMWSKILGHLIR,12,1481.85,45.308,2.589,0.5,0.075,0.473,0.732
AIKKFGPLAKIVAKV,15,1583.013,-13.307,3.598,0.6,0.787,0.37,
FIFLPIFRRPVS,12,1491.82,105.05,1.557,0.583,1.033,0.311,
IAAHDTPGPVWLS,13,1363.517,15.446,-1.405,0.462,0.262,0.044,
KKIWQKIRNFFQKL,14,1877.281,-10.829,4.547,0.429,-0.936,0.537,2.271
PRFWEYWLRAME,12,1683.928,20.575,-0.097,0.583,-0.867,0.481,
FLPFLAKILTGVL,13,1431.802,40.615,0.555,0.692,1.9,0.304,
KKKVVVVVKKK,11,1282.704,-1.245,5.542,0.455,-0.218,0.16,1.191
WFKKIPKFLHLLKKF,15,1973.493,-13.927,4.582,0.533,-0.06,0.438,
FAKLLFKALKKAL,13,1490.916,-15.392,3.547,0.692,0.815,0.426,-0.682
ASSSYPLIHWRPWAR,15,1827.052,50.447,1.642,0.467,-0.6,0.168,
FLPFLKSILGKIL,13,1488.897,48.9,1.552,0.615,1.477,0.31,
GKWMSFLKHILK,12,1487.853,96.958,2.587,0.5,-0.017,0.377,0.112
LRKVWRWLRRL,11,1581.954,151.755,4.555,0.545,-0.736,0.714,3.797
GLFDIIKKIAESI,13,1446.73,20.477,-0.446,0.538,0.8,0.428,-0.023
ILPIRSLIKKLL,12,1406.841,63.733,2.552,0.583,1.167,0.331,
FCTMIPIPRCY,11,1343.679,26.636,0.506,0.636,0.818,0.214,
INLKAIAAMAKKLL,14,1497.93,5.971,2.55,0.714,1.021,0.214,-0.779
PRFWEYWLALME,12,1640.9,4.525,-1.097,0.667,-0.175,0.325,
ANDPQCLYGNVAAKF,15,1610.788,18.667,-0.421,0.533,-0.167,0.196,
FAKLFAKAFKKAL,13,1482.853,-8.862,3.547,0.692,0.585,0.496,-0.294
GLFAILKKLVNLVG,14,1484.867,4.85,1.552,0.643,1.471,0.293,-1.544
RQVFQVAYIIIKA,13,1548.869,5.915,1.552,0.692,0.892,0.374,0.173
ILGKIWKGIKSLF,13,1502.884,-8.608,2.55,0.538,0.746,0.42,-0.903
CIPMAWAVSWPHP,13,1494.781,-3.069,-0.43,0.615,0.469,0.03,
KRKILILIGSG,11,1197.514,66.027,2.552,0.455,0.655,0.203,0.267
FLSHIAGFLSNLF,13,1465.693,43.031,-0.406,0.615,1.338,0.315,-1.021
FLPLVGKILSGLI,13,1369.733,19.269,0.555,0.615,1.854,0.313,
VNWKKLLGKLLKVVK,15,1766.264,-27.8,4.511,0.533,0.233,0.343,-0.045
FLPLIGRVLSGIL,13,1397.746,32.331,0.557,0.615,1.808,0.38,
LILKRKRKRKRILI,14,1834.393,123.879,7.547,0.429,-0.621,0.145,3.74
GMWSKILGHLKR,12,1425.743,38.233,2.589,0.417,-0.333,0.361,1.063
HQFRFRFRVRRK,12,1733.037,50.617,5.591,0.333,-1.708,0.192,6.448
LARFVLRILKYGFK,14,1724.143,13.936,3.55,0.643,0.643,0.512,0.618
RKIKVYLPRMK,11,1431.834,-10.264,4.547,0.455,-0.836,0.333,
KKKLLLLLKKK,11,1352.837,-6.345,5.542,0.455,-0.4,0.159,0.791
RLRRIVVIRVFR,12,1582.983,65.875,4.557,0.583,0.475,0.242,3.728
PRFWEAWLRLME,12,1633.913,29.217,-0.094,0.583,-0.442,0.482,
GMWSKILKHLIR,12,1481.85,11.067,2.589,0.5,0.075,0.455,0.732
KRKSGSGSKRK,11,1218.41,68.364,5.547,0.0,-2.527,0.176,5.487
DFKLFAVTIKYR,12,1500.782,-44.958,1.55,0.583,0.175,0.117,1.317
ILPIIGKILSTIFGK,15,1613.036,30.873,1.552,0.533,1.413,0.285,
VECYGPNRPQF,11,1309.449,69.482,-0.503,0.364,-0.945,0.052,
IDWKKLLDAAKQIL,14,1654.99,33.864,0.551,0.571,0.064,0.297,0.649
GKWKSLLKHILK,12,1450.813,40.608,3.584,0.417,-0.417,0.37,0.609
FLPILGKLLSGIL,13,1383.76,34.085,0.555,0.615,1.823,0.316,
FLPIVGLLKSLLK,13,1440.854,-2.077,1.552,0.615,1.531,0.312,
ILPWKWRWWKWRR,13,1997.397,124.769,4.552,0.538,-1.469,0.134,
ITKWLLNAIKKGFKL,15,1773.212,-9.44,3.547,0.533,0.26,0.405,-0.083
WLRRIKAWLRRIKA,14,1866.309,124.129,5.552,0.571,-0.529,0.45,3.059
FMPIIGRLMSGSL,13,1421.77,76.831,0.557,0.538,1.131,0.28,
KKKIIIIIIKKK,12,1465.995,-4.983,5.542,0.5,0.3,0.069,0.315
KISKKIMRTFLRR,13,1677.113,58.738,5.55,0.385,-0.708,0.5,3.638
IIFGVIKALSG,11,1117.381,1.373,0.555,0.636,1.873,0.219,-1.949
FAKALAKLAKKLL,13,1414.82,-3.831,3.547,0.692,0.738,0.449,-0.592
GMWSKLLGHLLR,12,1410.729,18.142,1.592,0.5,0.25,0.366,0.191
FLKGIVGKLGKLF,13,1419.795,-49.546,2.55,0.538,0.985,0.349,-1.219
SLLSLIRKLIT,11,1256.577,1.373,1.251,0.545,1.227,0.403,0.029
DFKLFAVYIKYR,12,1562.851,-44.167,1.548,0.667,0.125,0.114,1.114
FLPFLGKLFSGIF,13,1485.808,19.269,0.555,0.615,1.538,0.344,
KLLRLLKKLLRLLLK,15,1861.494,12.373,5.547,0.6,0.64,0.574,0.517
IFWLFRGKADVAL,13,1535.829,-0.869,0.555,0.692,0.946,0.18,-0.189
FLPIIAKVLSGLL,13,1383.76,17.515,0.555,0.692,2.023,0.315,
GKWMSLWKHILK,12,1526.889,123.767,2.587,0.5,-0.325,0.354,0.167
FLPLVTMLLGKLF,13,1491.921,4.454,0.555,0.692,1.854,0.245,
KYKKALKKLAKLL,13,1545.008,-10.362,5.54,0.538,-0.454,0.432,0.78
FLPAIAGILSQLF,13,1389.68,61.962,-0.443,0.692,1.792,0.28,
FFPLALLCKVFKKC,14,1657.136,6.243,2.501,0.714,1.25,0.205,
PRFWEYALRLME,12,1610.876,38.667,-0.097,0.583,-0.475,0.479,
YNKKYMKHLKPCKKA,15,1880.327,38.7,5.55,0.4,-1.62,0.269,
KWFRVYRGIYRRR,13,1856.186,52.477,5.55,0.462,-1.446,0.345,5.017
TESYFVFSVGM,11,1266.418,36.391,-1.793,0.545,0.764,0.021,-0.092
GACFSIAHECGA,12,1165.299,61.175,-1.454,0.583,0.783,0.103,-0.242
FLSTIWNGIKSLL,13,1491.772,-5.9,0.555,0.538,0.938,0.371,-0.715
FLKLLAGLLKNFA,13,1447.805,-21.923,1.552,0.692,1.269,0.406,-1.337
FLPFLASLLSKVL,13,1447.802,32.331,0.555,0.692,1.808,0.283,
GKWMTLLKHILK,12,1467.863,57.942,2.587,0.5,0.075,0.359,-0.118
FVQWFSKFLGRIL,13,1640.966,24.046,1.555,0.615,0.823,0.476,-0.123
FAKKLAKLALKLAKL,15,1656.15,-18.967,4.545,0.667,0.633,0.409,-0.471
IRIILRAQGALKI,13,1464.841,19.269,2.555,0.615,0.954,0.269,0.527
VALTGLTVAEYFR,13,1439.654,2.7,-0.478,0.615,0.869,0.21,0.119
FAKLLAKAFKKAL,13,1448.836,-8.862,3.547,0.692,0.662,0.46,-0.443
FLPILINLIHKGLL,14,1604.031,56.464,0.592,0.643,1.621,0.255,
LRLKSIVSYAKKVL,14,1618.016,21.764,3.547,0.571,0.5,0.26,0.639
FLPIASLLGKYL,12,1334.644,18.142,0.552,0.667,1.358,0.301,
KWLRRVWRWWR,11,1728.059,141.964,4.555,0.545,-1.591,0.683,4.268
IFGTILGFLKGL,12,1278.581,3.992,0.555,0.583,1.683,0.302,-2.105
KKKFFFFFKKK,11,1522.918,-4.573,5.542,0.455,-0.855,0.212,1.673
FLPILGNLLSGLL,13,1369.69,32.331,-0.443,0.615,1.8,0.27,
FLPIITNLLGKLL,13,1454.838,-0.577,0.555,0.615,1.592,0.311,
FLPPSPWKETFRTS,14,1692.91,88.7,0.556,0.286,-0.8,0.166,
FKLAFKLAKKAFL,13,1524.932,-26.954,3.547,0.692,0.738,0.369,-0.533
GKWSKILGHLIR,12,1407.705,11.067,2.589,0.417,-0.117,0.426,0.849
KRLRRVWRRWR,11,1668.01,212.455,6.555,0.364,-2.245,0.619,7.405
FLPVIAGLLSKLF,13,1417.776,32.331,0.555,0.692,1.892,0.288,
RLLRLLRRLLRLLR,14,1860.39,105.229,5.557,0.571,0.243,0.661,3.583
RLMRIFRILKLAR,13,1686.166,5.185,4.555,0.615,0.385,0.231,2.576
FFPVIGRILNGIL,13,1458.788,50.4,0.557,0.615,1.577,0.427,
PLLQATLGGGS,11,1013.145,61.164,-0.099,0.364,0.491,0.119,
TTKKEELEKKKKT,13,1590.86,34.308,2.197,0.077,-2.477,0.066,4.348
FALLKALKKAL,11,1215.57,-6.345,2.55,0.727,1.064,0.298,-1.04
GKWMKLLKHILK,12,1494.931,53.267,3.584,0.5,-0.192,0.436,0.13
CASYFCRWWWRR,12,1719.99,104.633,2.506,0.667,-0.725,0.323,2.83
DDALRRLLRRLLRRL,15,1935.328,162.413,3.558,0.467,-0.627,0.547,5.042
FLPLLASLFSGLF,13,1424.724,24.046,-0.443,0.692,1.969,0.275,
KNWKKILKKIIKVVK,15,1866.426,-14.96,6.54,0.467,-0.4,0.538,1.027
GDGDIMKGIAGH,12,1170.296,-4.983,-1.408,0.333,-0.25,0.155,0.824
KLLLKLKLKLLK,12,1450.98,-47.433,4.545,0.583,0.592,0.308,-0.558
FKLVWKLLKKLALKL,15,1841.415,-34.647,4.545,0.667,0.747,0.384,-0.862
LIKKLKEYLKKLI,13,1630.11,-23.423,3.544,0.538,-0.008,0.451,0.398
GWYEIIKKIYKWLK,14,1868.266,17.093,2.544,0.571,-0.471,0.447,0.286
LTAEHYAAQATS,12,1262.325,59.233,-1.407,0.5,-0.225,0.1,1.128
LNLKKLLKVAKKIL,14,1622.134,-7.279,4.545,0.571,0.464,0.375,-0.07
IFGAIWKGISSLL,13,1404.694,4.454,0.555,0.615,1.423,0.342,-1.635
SQETFSDLWKLLPEN,15,1806.965,77.793,-2.747,0.333,-0.8,0.279,
FLPLLFGAISHLL,13,1440.769,17.515,-0.406,0.692,1.915,0.234,
FLPLIGKLLSGLY,13,1433.775,10.985,0.552,0.615,1.377,0.316,
KWKLAKKALALL,12,1382.778,2.092,3.547,0.667,0.342,0.209,-0.437
FAKKLKKLAKLAKKL,15,1728.259,-18.967,6.54,0.533,-0.26,0.474,0.717
